{"national": [{"national": "national", "population": [[0, 0, 0, 0, 0], [149.04406779661016, 2650.7516384180794, 10433.256497175142, 43471.143050847466, 341611.0824858757]], "hospitals": [[0, 0, 0, 0, 0], [0.0, 0.011299435028248588, 0.15593220338983052, 1.2757062146892655, 13.07457627118644]], "mobilehomes": [[0, 0, 0, 0, 0], [0.0, 7.745762711864407, 55.45367231638418, 336.78836158192104, 3057.7389830508473]], "psubstations": [[0, 0, 0, 0, 0], [0.011299435028248588, 0.5853107344632769, 2.4966101694915253, 8.783276836158194, 56.227118644067794]], "tors": [[0, 0, 0, 0, 0], []]}], "sims": [], "states": [], "cwas": [], "natClimo": {"pop": {"min": 149.04406779661016, "ten": 2650.7516384180794, "med": 10433.256497175142, "ninety": 43471.143050847466, "max": 341611.0824858757}, "pow": {"min": 0.011299435028248588, "ten": 0.5853107344632769, "med": 2.4966101694915253, "ninety": 8.783276836158194, "max": 56.227118644067794}, "mob": {"min": 0.0, "ten": 7.745762711864407, "med": 55.45367231638418, "ninety": 336.78836158192104, "max": 3057.7389830508473}, "hosp": {"min": 0.0, "ten": 0.011299435028248588, "med": 0.15593220338983052, "ninety": 1.2757062146892655, "max": 13.07457627118644}}}