{"national": [{"national": "national", "population": [[0, 0, 0, 0, 0], [120.75912408759125, 2461.465693430657, 9940.186861313869, 40456.00817518249, 319601.5416058394]], "hospitals": [[0, 0, 0, 0, 0], [0.0, 0.00583941605839416, 0.17664233576642335, 1.3220437956204385, 13.375182481751825]], "mobilehomes": [[0, 0, 0, 0, 0], [0.0, 6.312043795620439, 50.04124087591241, 293.54394160583945, 2717.1481751824817]], "psubstations": [[0, 0, 0, 0, 0], [0.00291970802919708, 0.5593430656934308, 2.4905109489051096, 8.604963503649635, 54.761313868613136]], "tors": [[0, 0, 0, 0, 0], []]}], "sims": [], "states": [], "cwas": [], "natClimo": {"pop": {"min": 120.75912408759125, "ten": 2461.465693430657, "med": 9940.186861313869, "ninety": 40456.00817518249, "max": 319601.5416058394}, "pow": {"min": 0.00291970802919708, "ten": 0.5593430656934308, "med": 2.4905109489051096, "ninety": 8.604963503649635, "max": 54.761313868613136}, "mob": {"min": 0.0, "ten": 6.312043795620439, "med": 50.04124087591241, "ninety": 293.54394160583945, "max": 2717.1481751824817}, "hosp": {"min": 0.0, "ten": 0.00583941605839416, "med": 0.17664233576642335, "ninety": 1.3220437956204385, "max": 13.375182481751825}}}