{"FWD": {"hail": {"forecast": 0.0, "climo": 7.064516129032258}, "wind": {"forecast": 0.0, "climo": 4.871794871794871}}, "OUN": {"hail": {"forecast": 0.0, "climo": 7.316793893129771}, "wind": {"forecast": 0.0, "climo": 5.096618357487923}}, "SJT": {"hail": {"forecast": 0.0, "climo": 4.552795031055901}, "wind": {"forecast": 0.0, "climo": 3.425}}, "EWX": {"hail": {"forecast": 0.0, "climo": 4.36734693877551}, "wind": {"forecast": 0.0, "climo": 3.3185840707964602}}, "HGX": {"hail": {"forecast": 0.0, "climo": 3.227272727272727}, "wind": {"forecast": 0.0, "climo": 3.9263157894736844}}, "SHV": {"hail": {"forecast": 0.0, "climo": 4.644628099173554}, "wind": {"forecast": 0.0, "climo": 7.530120481927711}}, "TSA": {"hail": {"forecast": 0.0, "climo": 5.374100719424461}, "wind": {"forecast": 0.0, "climo": 6.624113475177305}}}