{"FWD": {"hail": {"forecast": 0.0, "climo": 7.486301369863014}, "wind": {"forecast": 0.0, "climo": 5.317757009345795}}, "OUN": {"hail": {"forecast": 0.0, "climo": 6.773480662983426}, "wind": {"forecast": 0.0, "climo": 4.409836065573771}}, "SJT": {"hail": {"forecast": 0.0, "climo": 4.879310344827586}, "wind": {"forecast": 0.0, "climo": 2.9420289855072466}}, "EWX": {"hail": {"forecast": 0.0, "climo": 4.466101694915254}, "wind": {"forecast": 0.0, "climo": 3.2933333333333334}}, "HGX": {"hail": {"forecast": 0.0, "climo": 3.4285714285714284}, "wind": {"forecast": 0.0, "climo": 3.857142857142857}}, "SHV": {"hail": {"forecast": 0.0, "climo": 5.160714285714286}, "wind": {"forecast": 0.0, "climo": 8.241935483870968}}, "TSA": {"hail": {"forecast": 0.0, "climo": 6.037735849056604}, "wind": {"forecast": 0.0, "climo": 5.947916666666667}}}