{"FWD": {"hail": {"forecast": 16.0, "climo": 7.015789473684211}, "wind": {"forecast": 19.0, "climo": 4.7974683544303796}}, "OUN": {"hail": {"forecast": 44.0, "climo": 7.185185185185185}, "wind": {"forecast": 4.0, "climo": 5.05607476635514}}, "SJT": {"hail": {"forecast": 1.0, "climo": 4.6419753086419755}, "wind": {"forecast": 1.0, "climo": 3.443548387096774}}, "EWX": {"hail": {"forecast": 0.0, "climo": 4.322147651006712}, "wind": {"forecast": 4.0, "climo": 3.3949579831932772}}, "HGX": {"hail": {"forecast": 3.0, "climo": 3.130434782608696}, "wind": {"forecast": 20.0, "climo": 4.0}}, "SHV": {"hail": {"forecast": 13.0, "climo": 4.6115702479338845}, "wind": {"forecast": 47.0, "climo": 7.620481927710843}}, "TSA": {"hail": {"forecast": 18.0, "climo": 5.374100719424461}, "wind": {"forecast": 20.0, "climo": 6.544827586206897}}}