{"population": {"min": [[-102.7422, 34.821999999999996, -102.7363, 34.8239, 0.0], [-102.7335, 34.8772, -102.6971, 34.8917, 0.0], [-100.7159, 34.7523, -100.6357, 34.7821, 0.0], [-101.1707, 36.012, -101.148, 36.0175, 0.0], [-100.0611, 36.0202, -100.0065, 36.0233, 0.0], [-100.4093, 35.4894, -100.3927, 35.4996, 0.0]], "ten": [[-102.7422, 34.821999999999996, -102.7363, 34.8239, 0.0], [-102.7335, 34.8772, -102.6971, 34.8917, 0.0], [-100.7159, 34.7523, -100.6357, 34.7821, 0.0], [-101.1707, 36.012, -101.148, 36.0175, 0.0], [-100.0611, 36.0202, -100.0065, 36.0233, 0.0], [-100.4093, 35.4894, -100.3927, 35.4996, 0.0]], "med": [[-101.435, 35.1763, -101.3251, 35.215, 80.0], [-102.51899999999999, 35.8867, -102.5106, 35.8902, 0.0], [-101.0715, 36.0308, -101.04299999999999, 36.0413, 0.0]], "ninety": [[-101.7483, 35.3547, -101.7383, 35.3616, 1952.0]], "max": [[-100.9672, 34.8752, -100.8771, 34.9455, 32.0], [-100.8148, 34.975, -100.7464, 35.0342, 80.0], [-100.1843, 35.11, -100.1557, 35.12, 16.0], [-102.287, 35.255, -102.2843, 35.2569, 0.0], [-100.5156, 35.1814, -100.4279, 35.3363, 32.0], [-100.3173, 35.2663, -100.3034, 35.2708, 32.0], [-101.7661, 35.38, -101.6739, 35.4291, 128.0], [-101.5202, 35.6346, -101.5083, 35.6465, 752.0], [-101.8699, 35.215, -101.6027, 35.369, 94480.0], [-102.6431, 35.1023, -102.6424, 35.1033, 0.0], [-100.7991, 35.1055, -100.7651, 35.1252, 0.0], [-100.8144, 35.6465, -100.8074, 35.6549, 544.0], [-100.3483, 35.0948, -100.2017, 35.1926, 16.0]]}, "hospitals": {"min": [[-100.443, 36.0525, -100.1563, 36.1808, 0.0], [-100.626, 35.0849, -100.6151, 35.1173, 0.0], [-102.0985, 35.9425, -101.9543, 36.1348, 0.0], [-102.9913, 35.9962, -102.9342, 36.0325, 0.0], [-100.4248, 35.4753, -100.3768, 35.5025, 0.0], [-101.6985, 35.3906, -101.6967, 35.391, 0.0]], "ten": [[-100.443, 36.0525, -100.1563, 36.1808, 0.0], [-100.626, 35.0849, -100.6151, 35.1173, 0.0], [-102.0985, 35.9425, -101.9543, 36.1348, 0.0], [-102.9913, 35.9962, -102.9342, 36.0325, 0.0], [-100.4248, 35.4753, -100.3768, 35.5025, 0.0], [-101.6985, 35.3906, -101.6967, 35.391, 0.0]], "med": [[-100.443, 36.0525, -100.1563, 36.1808, 0.0], [-100.626, 35.0849, -100.6151, 35.1173, 0.0], [-102.0985, 35.9425, -101.9543, 36.1348, 0.0], [-102.9913, 35.9962, -102.9342, 36.0325, 0.0], [-100.4248, 35.4753, -100.3768, 35.5025, 0.0], [-101.6985, 35.3906, -101.6967, 35.391, 0.0]], "ninety": [[-100.443, 36.0525, -100.1563, 36.1808, 0.0], [-100.626, 35.0849, -100.6151, 35.1173, 0.0], [-102.0985, 35.9425, -101.9543, 36.1348, 0.0], [-102.9913, 35.9962, -102.9342, 36.0325, 0.0], [-100.4248, 35.4753, -100.3768, 35.5025, 0.0], [-101.6985, 35.3906, -101.6967, 35.391, 0.0]], "max": [[-101.1538, 34.7223, -101.133, 34.7416, 0.0], [-102.2029, 35.4873, -102.20200000000001, 35.4882, 0.0], [-101.1378, 35.5164, -101.1251, 35.5209, 0.0], [-101.5092, 35.1886, -101.50200000000001, 35.1946, 0.0], [-100.1208, 34.7365, -99.9964, 34.8322, 0.0], [-100.0841, 36.0705, -100.0147, 36.1572, 0.0], [-101.9007, 35.1726, -101.8894, 35.1884, 8.0], [-100.8731, 34.8496, -100.861, 34.8589, 0.0], [-101.1951, 35.2299, -101.1831, 35.2363, 0.0], [-101.4524, 35.173, -101.4217, 35.18, 0.0], [-100.2344, 35.2254, -100.1909, 35.2607, 1.0], [-100.661, 34.9185, -100.6234, 34.9311, 0.0]]}, "mobilehomes": {"min": [[-100.9085, 34.9582, -100.8116, 35.0546, 0.0], [-101.7285, 35.8217, -101.7202, 35.8242, 0.0], [-100.042, 35.3286, -100.014, 35.3324, 0.0], [-100.5409, 34.6951, -100.4468, 34.75, 0.0], [-100.6605, 34.801, -100.5435, 34.8496, 0.0]], "ten": [[-100.9085, 34.9582, -100.8116, 35.0546, 0.0], [-101.7285, 35.8217, -101.7202, 35.8242, 0.0], [-100.042, 35.3286, -100.014, 35.3324, 0.0], [-100.5409, 34.6951, -100.4468, 34.75, 0.0], [-100.6605, 34.801, -100.5435, 34.8496, 0.0]], "med": [[-100.9085, 34.9582, -100.8116, 35.0546, 0.0], [-101.7285, 35.8217, -101.7202, 35.8242, 0.0], [-100.042, 35.3286, -100.014, 35.3324, 0.0], [-100.5409, 34.6951, -100.4468, 34.75, 0.0], [-100.6605, 34.801, -100.5435, 34.8496, 0.0]], "ninety": [[-100.9085, 34.9582, -100.8116, 35.0546, 0.0], [-101.7285, 35.8217, -101.7202, 35.8242, 0.0], [-100.042, 35.3286, -100.014, 35.3324, 0.0], [-100.5409, 34.6951, -100.4468, 34.75, 0.0], [-100.6605, 34.801, -100.5435, 34.8496, 0.0]], "max": [[-101.5098, 35.0752, -101.3731, 35.1126, 0.0], [-100.4356, 34.6967, -100.0597, 35.0657, 0.0], [-101.2803, 36.1366, -101.2619, 36.1451, 0.0], [-100.6777, 34.7489, -100.6413, 34.7684, 0.0], [-101.181, 35.2137, -101.1049, 35.2513, 0.0], [-100.9041, 36.1472, -100.8678, 36.1894, 0.0], [-101.0956, 36.952, -100.87, 37.0934, 425.0], [-100.1054, 35.8726, -100.0943, 35.8834, 0.0]]}, "psubstations": {"min": [[-100.3507, 35.8556, -100.3278, 35.8679, 0.0], [-100.8279, 35.12, -100.8061, 35.1263, 0.0], [-100.0842, 34.9713, -100.0772, 34.9855, 0.0], [-102.21700000000001, 35.0295, -102.2116, 35.0341, 0.0]], "ten": [[-100.3507, 35.8556, -100.3278, 35.8679, 0.0], [-100.8279, 35.12, -100.8061, 35.1263, 0.0], [-100.0842, 34.9713, -100.0772, 34.9855, 0.0], [-102.21700000000001, 35.0295, -102.2116, 35.0341, 0.0]], "med": [[-100.3507, 35.8556, -100.3278, 35.8679, 0.0], [-100.8279, 35.12, -100.8061, 35.1263, 0.0], [-100.0842, 34.9713, -100.0772, 34.9855, 0.0], [-102.21700000000001, 35.0295, -102.2116, 35.0341, 0.0]], "ninety": [[-100.443, 36.0525, -100.1563, 36.1808, 0.0], [-100.626, 35.0849, -100.6151, 35.1173, 0.0], [-102.0985, 35.9425, -101.9543, 36.1348, 0.0], [-102.9913, 35.9962, -102.9342, 36.0325, 0.0], [-100.4248, 35.4753, -100.3768, 35.5025, 0.0], [-101.6985, 35.3906, -101.6967, 35.391, 2.0]], "max": [[-100.4854, 36.0759, -100.3778, 36.1845, 0.0], [-101.9658, 35.1316, -101.384, 35.5502, 13.0], [-100.4422, 35.475, -100.426, 35.4853, 0.0], [-102.2201, 35.6289, -102.195, 35.6482, 0.0], [-102.3764, 35.580999999999996, -102.3709, 35.5841, 0.0], [-100.335, 36.0857, -100.2684, 36.1101, 0.0], [-100.3134, 35.3726, -100.3085, 35.3768, 0.0], [-101.8356, 36.5526, -101.8314, 36.5561, 0.0], [-100.9562, 35.1834, -100.9535, 35.1862, 0.0], [-101.647, 36.2917, -101.6413, 36.2976, 0.0], [-100.6283, 34.9517, -100.6064, 34.969, 0.0], [-100.1047, 35.7511, -100.1023, 35.7519, 0.0], [-100.7322, 35.2252, -100.6957, 35.2495, 0.0], [-100.6381, 34.8341, -100.6283, 34.8468, 0.0]]}}