{"population": {"min": [], "ten": [], "med": [[-92.0623, 35.579, -92.0577, 35.5824, 208.0], [-92.685, 35.0293, -92.581, 35.1251, 608.0]], "ninety": [[-94.2353, 35.4512, -94.2287, 35.4597, 8432.0]], "max": [[-93.89399999999999, 35.1372, -93.8578, 35.1842, 4352.0], [-93.5342, 35.5888, -93.5319, 35.5924, 224.0], [-94.1495, 36.1162, -94.0319, 36.3111, 78672.0]]}, "hospitals": {"min": [[-93.0334, 35.0266, -93.0187, 35.0682, 0.0]], "ten": [[-93.0334, 35.0266, -93.0187, 35.0682, 0.0]], "med": [[-93.0334, 35.0266, -93.0187, 35.0682, 0.0]], "ninety": [[-93.0334, 35.0266, -93.0187, 35.0682, 0.0]], "max": [[-92.3867, 34.7379, -92.3668, 34.7536, 10.0], [-92.9724, 35.785, -92.9313, 35.7998, 0.0]]}, "mobilehomes": {"min": [[-93.0334, 35.0266, -93.0187, 35.0682, 0.0]], "ten": [[-93.0334, 35.0266, -93.0187, 35.0682, 0.0]], "med": [[-93.0334, 35.0266, -93.0187, 35.0682, 0.0]], "ninety": [[-94.0737, 35.8871, -94.0677, 35.8977, 0.0], [-93.9043, 33.8968, -93.8371, 33.9417, 75.0], [-94.1039, 35.5415, -94.0771, 35.5639, 0.0], [-93.1102, 34.7287, -93.0917, 34.7386, 0.0]], "max": [[-93.0912, 34.4058, -92.89200000000001, 34.6163, 975.0]]}, "psubstations": {"min": [[-93.0334, 35.0266, -93.0187, 35.0682, 0.0]], "ten": [[-93.0334, 35.0266, -93.0187, 35.0682, 0.0]], "med": [[-93.0334, 35.0266, -93.0187, 35.0682, 0.0]], "ninety": [[-93.2019, 36.3527, -93.1971, 36.3545, 0.0], [-91.9214, 35.9522, -91.9203, 35.9529, 1.0], [-92.2571, 36.2609, -92.2348, 36.2782, 2.0]], "max": [[-93.3201, 33.9097, -93.3052, 33.9233, 0.0], [-93.0248, 35.9612, -93.0213, 35.9669, 0.0], [-93.48100000000001, 34.7857, -93.4423, 34.8184, 0.0], [-94.5362, 35.3402, -94.2498, 35.4869, 22.0]]}}