{"population": {"min": [], "ten": [], "med": [], "ninety": [[-71.8319, 43.2026, -71.8297, 43.20399999999999, 1632.0]], "max": [[-71.4078, 43.0244, -71.4001, 43.03, 80832.0]]}, "hospitals": {"min": [[-71.9317, 43.5385, -71.9149, 43.5475, 0.0], [-70.7211, 44.2789, -70.7038, 44.2888, 0.0]], "ten": [[-71.9317, 43.5385, -71.9149, 43.5475, 0.0], [-70.7211, 44.2789, -70.7038, 44.2888, 0.0]], "med": [[-71.9317, 43.5385, -71.9149, 43.5475, 0.0], [-70.7211, 44.2789, -70.7038, 44.2888, 0.0]], "ninety": [[-71.9317, 43.5385, -71.9149, 43.5475, 0.0], [-70.7211, 44.2789, -70.7038, 44.2888, 0.0]], "max": [[-72.5644, 42.8527, -72.5546, 42.8622, 2.0], [-71.7292, 43.7318, -71.7078, 43.7613, 1.0]]}, "mobilehomes": {"min": [[-71.9317, 43.5385, -71.9149, 43.5475, 0.0], [-70.7211, 44.2789, -70.7038, 44.2888, 0.0]], "ten": [[-71.9317, 43.5385, -71.9149, 43.5475, 0.0], [-70.7211, 44.2789, -70.7038, 44.2888, 0.0]], "med": [[-71.9317, 43.5385, -71.9149, 43.5475, 0.0], [-70.7211, 44.2789, -70.7038, 44.2888, 0.0]], "ninety": [[-71.9317, 43.5385, -71.9149, 43.5475, 0.0], [-70.7211, 44.2789, -70.7038, 44.2888, 0.0]], "max": [[-70.9247, 43.2358, -70.9136, 43.2441, 475.0], [-69.6772, 44.5306, -69.6756, 44.5314, 300.0]]}, "psubstations": {"min": [[-71.9317, 43.5385, -71.9149, 43.5475, 0.0], [-70.7211, 44.2789, -70.7038, 44.2888, 0.0]], "ten": [[-71.9317, 43.5385, -71.9149, 43.5475, 0.0], [-70.7211, 44.2789, -70.7038, 44.2888, 0.0]], "med": [[-71.9317, 43.5385, -71.9149, 43.5475, 0.0], [-70.7211, 44.2789, -70.7038, 44.2888, 0.0]], "ninety": [[-71.9317, 43.5385, -71.9149, 43.5475, 0.0], [-70.7211, 44.2789, -70.7038, 44.2888, 0.0]], "max": [[-72.0335, 44.318999999999996, -71.8775, 44.3385, 13.0]]}}