{"population": {"min": [[-100.2553, 33.9977, -100.11, 34.08, 0.0], [-101.42399999999999, 33.5013, -101.3541, 33.522, 0.0]], "ten": [[-100.2553, 33.9977, -100.11, 34.08, 0.0], [-101.42399999999999, 33.5013, -101.3541, 33.522, 0.0]], "med": [[-101.8594, 33.0829, -101.8161, 33.1194, 16.0], [-102.6543, 33.2945, -102.6447, 33.3027, 0.0], [-101.5008, 33.8668, -101.3603, 33.9854, 64.0], [-101.0144, 33.0755, -101.0001, 33.0773, 0.0], [-100.5787, 33.6394, -100.4465, 33.7208, 0.0], [-100.1968, 33.2692, -100.1829, 33.2695, 16.0], [-101.1156, 33.6421, -101.0866, 33.7109, 16.0], [-101.2258, 33.2702, -101.2181, 33.2754, 0.0], [-100.0841, 34.1497, -99.9842, 34.1715, 16.0]], "ninety": [[-100.9984, 34.4753, -100.8218, 34.531, 0.0], [-100.7028, 34.6876, -100.4571, 34.8301, 1280.0], [-100.8119, 34.2636, -100.8029, 34.2727, 0.0], [-101.3361, 34.1267, -101.3197, 34.1383, 16.0], [-100.2425, 34.117, -100.1351, 34.1353, 32.0], [-100.7079, 34.6559, -100.6434, 34.6944, 112.0], [-100.2538, 34.3819, -100.2301, 34.4077, 32.0], [-100.3755, 34.3528, -100.2427, 34.4261, 96.0], [-100.5263, 33.856, -100.4831, 33.8772, 0.0], [-100.5564, 33.8558, -100.4908, 33.8894, 0.0], [-100.273, 32.9308, -100.2379, 32.9603, 0.0], [-100.3675, 33.0793, -100.3567, 33.0842, 16.0], [-101.3851, 34.0158, -101.3728, 34.0233, 32.0], [-100.72200000000001, 33.7863, -100.6044, 33.866, 32.0], [-100.2166, 33.7142, -100.1374, 33.785, 0.0], [-100.6727, 34.2285, -100.6572, 34.23, 16.0], [-102.43799999999999, 33.9981, -102.2887, 34.0872, 864.0]], "max": [[-100.4435, 34.5344, -100.4205, 34.5416, 0.0], [-100.2962, 34.2836, -100.2755, 34.3045, 0.0], [-101.0924, 34.2663, -100.9566, 34.3388, 32.0], [-100.2508, 33.3635, -100.2263, 33.3827, 0.0], [-101.104, 34.5763, -101.0256, 34.6691, 0.0], [-102.6274, 33.8724, -102.6181, 33.8749, 0.0], [-101.5374, 33.8863, -101.5001, 33.9146, 1232.0], [-101.1954, 33.5799, -101.1894, 33.5818, 0.0], [-102.0178, 34.6108, -101.9877, 34.6449, 384.0], [-100.2222, 33.8711, -100.1967, 33.8878, 16.0], [-100.6696, 33.2739, -100.6448, 33.3101, 0.0], [-101.61399999999999, 33.5333, -101.60799999999999, 33.5374, 240.0], [-100.2814, 34.2742, -100.2564, 34.2929, 0.0], [-102.7115, 33.3316, -102.6699, 33.3544, 0.0], [-101.9582, 33.5476, -101.7591, 33.6388, 102512.0], [-100.4729, 33.6625, -100.4498, 33.7107, 0.0], [-100.3676, 34.3245, -100.3533, 34.3307, 0.0], [-100.8767, 34.5179, -100.7506, 34.5847, 0.0], [-100.4047, 33.7949, -100.2646, 33.8898, 0.0]]}, "hospitals": {"min": [[-100.7595, 34.6301, -100.7369, 34.6435, 0.0], [-102.3266, 33.375, -102.258, 33.3961, 0.0], [-101.3067, 33.1401, -101.288, 33.1689, 0.0], [-101.008, 34.08, -100.9913, 34.0916, 0.0]], "ten": [[-100.7595, 34.6301, -100.7369, 34.6435, 0.0], [-102.3266, 33.375, -102.258, 33.3961, 0.0], [-101.3067, 33.1401, -101.288, 33.1689, 0.0], [-101.008, 34.08, -100.9913, 34.0916, 0.0]], "med": [[-100.7595, 34.6301, -100.7369, 34.6435, 0.0], [-102.3266, 33.375, -102.258, 33.3961, 0.0], [-101.3067, 33.1401, -101.288, 33.1689, 0.0], [-101.008, 34.08, -100.9913, 34.0916, 0.0]], "ninety": [[-100.7595, 34.6301, -100.7369, 34.6435, 0.0], [-102.3266, 33.375, -102.258, 33.3961, 0.0], [-101.3067, 33.1401, -101.288, 33.1689, 0.0], [-101.008, 34.08, -100.9913, 34.0916, 0.0]], "max": [[-100.40799999999999, 34.2496, -100.3464, 34.3062, 0.0], [-101.5717, 33.3714, -101.2878, 33.5003, 0.0], [-100.8396, 33.9225, -100.8197, 33.944, 0.0], [-102.1969, 33.5204, -102.195, 33.5213, 0.0], [-100.3805, 34.1841, -100.3503, 34.2096, 0.0], [-101.9859, 33.5311, -101.9288, 33.593, 7.0], [-102.9861, 33.5207, -102.9858, 33.5212, 0.0]]}, "mobilehomes": {"min": [[-100.7595, 34.6301, -100.7369, 34.6435, 0.0], [-102.3266, 33.375, -102.258, 33.3961, 0.0], [-101.3067, 33.1401, -101.288, 33.1689, 0.0], [-101.008, 34.08, -100.9913, 34.0916, 0.0]], "ten": [[-100.7595, 34.6301, -100.7369, 34.6435, 0.0], [-102.3266, 33.375, -102.258, 33.3961, 0.0], [-101.3067, 33.1401, -101.288, 33.1689, 0.0], [-101.008, 34.08, -100.9913, 34.0916, 0.0]], "med": [[-100.7595, 34.6301, -100.7369, 34.6435, 0.0], [-102.3266, 33.375, -102.258, 33.3961, 0.0], [-101.3067, 33.1401, -101.288, 33.1689, 0.0], [-101.008, 34.08, -100.9913, 34.0916, 0.0]], "ninety": [[-100.7595, 34.6301, -100.7369, 34.6435, 0.0], [-102.3266, 33.375, -102.258, 33.3961, 0.0], [-101.3067, 33.1401, -101.288, 33.1689, 0.0], [-101.008, 34.08, -100.9913, 34.0916, 0.0]], "max": [[-102.0777, 33.538000000000004, -101.9028, 33.6352, 675.0], [-102.0805, 34.3215, -102.0781, 34.324, 0.0], [-100.3536, 34.6716, -100.3086, 34.6994, 0.0], [-102.8425, 33.3641, -102.8109, 33.3742, 0.0], [-100.5881, 32.8563, -100.5336, 32.9269, 0.0]]}, "psubstations": {"min": [[-100.7595, 34.6301, -100.7369, 34.6435, 0.0], [-102.3266, 33.375, -102.258, 33.3961, 0.0], [-101.3067, 33.1401, -101.288, 33.1689, 0.0], [-101.008, 34.08, -100.9913, 34.0916, 0.0]], "ten": [[-100.7595, 34.6301, -100.7369, 34.6435, 0.0], [-102.3266, 33.375, -102.258, 33.3961, 0.0], [-101.3067, 33.1401, -101.288, 33.1689, 0.0], [-101.008, 34.08, -100.9913, 34.0916, 0.0]], "med": [[-100.7595, 34.6301, -100.7369, 34.6435, 0.0], [-102.3266, 33.375, -102.258, 33.3961, 0.0], [-101.3067, 33.1401, -101.288, 33.1689, 0.0], [-101.008, 34.08, -100.9913, 34.0916, 0.0]], "ninety": [[-101.4792, 33.9371, -101.3281, 34.016999999999996, 2.0], [-100.8384, 33.1792, -100.8293, 33.1832, 0.0], [-100.5273, 34.4446, -100.486, 34.4702, 0.0], [-100.5409, 33.0563, -100.5383, 33.0601, 0.0], [-100.118, 33.0185, -100.0926, 33.0314, 0.0], [-101.611, 33.982, -101.5614, 34.0042, 0.0], [-101.7799, 33.1754, -101.719, 33.1769, 0.0], [-101.0053, 33.8592, -100.9898, 33.8659, 0.0], [-102.7499, 34.4654, -102.7396, 34.471, 0.0], [-100.6494, 33.5234, -100.5553, 33.547, 0.0], [-100.7957, 33.7296, -100.7414, 33.8003, 0.0], [-102.5167, 34.144, -102.4964, 34.1718, 0.0], [-100.8645, 33.3171, -100.8552, 33.3225, 0.0]], "max": [[-100.4435, 34.5344, -100.4205, 34.5416, 0.0], [-100.2962, 34.2836, -100.2755, 34.3045, 0.0], [-101.0924, 34.2663, -100.9566, 34.3388, 0.0], [-100.2508, 33.3635, -100.2263, 33.3827, 0.0], [-101.104, 34.5763, -101.0256, 34.6691, 0.0], [-102.6274, 33.8724, -102.6181, 33.8749, 0.0], [-101.5374, 33.8863, -101.5001, 33.9146, 2.0], [-101.1954, 33.5799, -101.1894, 33.5818, 0.0], [-102.0178, 34.6108, -101.9877, 34.6449, 0.0], [-100.2222, 33.8711, -100.1967, 33.8878, 0.0], [-100.6696, 33.2739, -100.6448, 33.3101, 0.0], [-101.61399999999999, 33.5333, -101.60799999999999, 33.5374, 0.0], [-100.2814, 34.2742, -100.2564, 34.2929, 0.0], [-102.7115, 33.3316, -102.6699, 33.3544, 0.0], [-101.9582, 33.5476, -101.7591, 33.6388, 13.0], [-100.4729, 33.6625, -100.4498, 33.7107, 0.0], [-100.3676, 34.3245, -100.3533, 34.3307, 0.0], [-100.8767, 34.5179, -100.7506, 34.5847, 0.0], [-100.4047, 33.7949, -100.2646, 33.8898, 0.0]]}}