{"population": {"min": [], "ten": [], "med": [[-93.5777, 34.5538, -93.5628, 34.5631, 240.0]], "ninety": [[-93.6167, 35.5359, -93.6094, 35.5405, 272.0], [-93.5795, 34.1719, -93.56200000000001, 34.187, 112.0], [-92.5072, 34.5218, -92.4516, 34.6014, 2560.0]], "max": [[-93.7268, 34.5085, -93.564, 34.5699, 720.0], [-92.0155, 34.8884, -92.0003, 34.8956, 4288.0], [-93.9269, 34.5151, -93.8843, 34.5495, 128.0], [-93.51, 34.8925, -93.5001, 34.898, 0.0], [-92.3698, 35.1582, -92.35700000000001, 35.1712, 26608.0], [-92.3537, 34.8038, -92.3272, 34.8216, 29200.0]]}, "hospitals": {"min": [[-93.0334, 35.0266, -93.0187, 35.0682, 0.0]], "ten": [[-93.0334, 35.0266, -93.0187, 35.0682, 0.0]], "med": [[-93.0334, 35.0266, -93.0187, 35.0682, 0.0]], "ninety": [[-93.0334, 35.0266, -93.0187, 35.0682, 0.0]], "max": [[-92.3867, 34.7379, -92.3668, 34.7536, 10.0], [-92.9724, 35.785, -92.9313, 35.7998, 0.0]]}, "mobilehomes": {"min": [[-93.0334, 35.0266, -93.0187, 35.0682, 0.0]], "ten": [[-93.0334, 35.0266, -93.0187, 35.0682, 0.0]], "med": [[-93.0334, 35.0266, -93.0187, 35.0682, 0.0]], "ninety": [[-92.0844, 34.9828, -92.07600000000001, 34.9886, 25.0]], "max": [[-93.0912, 34.4058, -92.89200000000001, 34.6163, 975.0]]}, "psubstations": {"min": [[-93.0334, 35.0266, -93.0187, 35.0682, 0.0]], "ten": [[-93.0334, 35.0266, -93.0187, 35.0682, 0.0]], "med": [[-93.0334, 35.0266, -93.0187, 35.0682, 0.0]], "ninety": [[-94.1912, 34.7918, -94.162, 34.8021, 0.0], [-93.1647, 34.3647, -93.1546, 34.3706, 0.0], [-93.1641, 34.8598, -93.1366, 34.8703, 1.0]], "max": [[-92.8901, 34.4135, -92.8585, 34.4406, 7.0], [-94.277, 34.8849, -94.2756, 34.8859, 0.0], [-92.7618, 36.0015, -92.7406, 36.0118, 2.0], [-91.7981, 35.1186, -91.7858, 35.1223, 0.0], [-93.4599, 35.1244, -93.4464, 35.1301, 0.0]]}}