{"population": {"min": [[-102.9913, 35.9962, -102.9342, 36.0325, 0.0]], "ten": [[-102.9913, 35.9962, -102.9342, 36.0325, 0.0]], "med": [[-102.9913, 35.9962, -102.9342, 36.0325, 0.0]], "ninety": [[-103.0999, 34.0065, -103.0819, 34.0308, 16.0], [-103.1877, 36.663000000000004, -103.171, 36.6894, 0.0], [-103.0824, 32.9725, -103.0798, 32.9744, 0.0]], "max": [[-103.20299999999999, 34.4179, -103.134, 34.4682, 32800.0], [-103.1481, 32.6711, -103.0656, 32.7284, 7504.0]]}, "hospitals": {"min": [[-102.9913, 35.9962, -102.9342, 36.0325, 0.0]], "ten": [[-102.9913, 35.9962, -102.9342, 36.0325, 0.0]], "med": [[-102.9913, 35.9962, -102.9342, 36.0325, 0.0]], "ninety": [[-102.9913, 35.9962, -102.9342, 36.0325, 0.0]], "max": [[-103.2191, 36.4561, -103.1761, 36.4761, 1.0]]}, "mobilehomes": {"min": [[-102.9913, 35.9962, -102.9342, 36.0325, 0.0]], "ten": [[-102.9913, 35.9962, -102.9342, 36.0325, 0.0]], "med": [[-102.9913, 35.9962, -102.9342, 36.0325, 0.0]], "ninety": [[-102.9913, 35.9962, -102.9342, 36.0325, 0.0]], "max": [[-103.1831, 34.4029, -103.1583, 34.4258, 200.0]]}, "psubstations": {"min": [[-102.9913, 35.9962, -102.9342, 36.0325, 0.0]], "ten": [[-102.9913, 35.9962, -102.9342, 36.0325, 0.0]], "med": [[-102.9913, 35.9962, -102.9342, 36.0325, 0.0]], "ninety": [[-102.9913, 35.9962, -102.9342, 36.0325, 0.0]], "max": [[-103.2182, 32.6844, -103.1042, 32.7339, 6.0]]}}