{"population": {"min": [], "ten": [], "med": [[-97.9223, 33.8028, -97.9127, 33.817, 16.0], [-97.8926, 31.9345, -97.8429, 31.9559, 48.0], [-98.0428, 33.1503, -98.0383, 33.1522, 48.0], [-98.9, 33.3282, -98.8898, 33.3306, 16.0], [-95.9925, 33.5317, -95.8019, 33.5181, 336.0]], "ninety": [[-96.2404, 32.6401, -96.0633, 32.7081, 9392.0], [-96.9327, 32.7953, -96.8991, 32.823, 11312.0]], "max": [[-97.2313, 32.719, -97.2298, 32.7199, 19680.0], [-95.4404, 33.7133, -95.4304, 33.726, 17056.0], [-98.2781, 33.3834, -98.2599, 33.4048, 48.0], [-96.8796, 32.76, -96.6619, 32.8823, 232608.0], [-97.6256, 33.7091, -97.6256, 33.7091, 112.0], [-97.9722, 33.8187, -97.9698, 33.8201, 16.0]]}, "hospitals": {"min": [[-98.2582, 32.1688, -98.245, 32.2006, 0.0], [-95.8889, 33.6258, -95.8868, 33.6268, 0.0], [-97.62700000000001, 32.1957, -97.6033, 32.2103, 0.0]], "ten": [[-98.2582, 32.1688, -98.245, 32.2006, 0.0], [-95.8889, 33.6258, -95.8868, 33.6268, 0.0], [-97.62700000000001, 32.1957, -97.6033, 32.2103, 0.0]], "med": [[-98.2582, 32.1688, -98.245, 32.2006, 0.0], [-95.8889, 33.6258, -95.8868, 33.6268, 0.0], [-97.62700000000001, 32.1957, -97.6033, 32.2103, 0.0]], "ninety": [[-98.2582, 32.1688, -98.245, 32.2006, 0.0], [-95.8889, 33.6258, -95.8868, 33.6268, 0.0], [-97.62700000000001, 32.1957, -97.6033, 32.2103, 0.0]], "max": [[-95.6082, 33.6512, -95.5953, 33.6582, 3.0], [-97.3318, 32.7672, -97.193, 32.876999999999995, 11.0], [-96.4898, 33.3605, -96.4791, 33.3625, 0.0]]}, "mobilehomes": {"min": [[-99.1869, 32.2469, -99.0973, 32.2885, 0.0], [-98.6021, 33.1383, -98.5481, 33.156, 0.0], [-96.9491, 33.9036, -96.9355, 33.9217, 0.0]], "ten": [[-99.1869, 32.2469, -99.0973, 32.2885, 0.0], [-98.6021, 33.1383, -98.5481, 33.156, 0.0], [-96.9491, 33.9036, -96.9355, 33.9217, 0.0]], "med": [[-99.1869, 32.2469, -99.0973, 32.2885, 0.0], [-98.6021, 33.1383, -98.5481, 33.156, 0.0], [-96.9491, 33.9036, -96.9355, 33.9217, 0.0]], "ninety": [[-97.7427, 33.8303, -97.7423, 33.8306, 0.0], [-97.5438, 32.7059, -97.4508, 32.868, 75.0], [-97.8575, 33.7098, -97.8529, 33.7153, 0.0]], "max": [[-96.9236, 33.097, -96.9142, 33.1078, 25.0], [-96.5811, 32.6888, -96.5687, 32.6986, 2150.0], [-99.051, 32.981, -98.9571, 33.012, 0.0]]}, "psubstations": {"min": [[-98.2582, 32.1688, -98.245, 32.2006, 0.0], [-95.8889, 33.6258, -95.8868, 33.6268, 0.0], [-97.62700000000001, 32.1957, -97.6033, 32.2103, 0.0]], "ten": [[-98.2582, 32.1688, -98.245, 32.2006, 0.0], [-95.8889, 33.6258, -95.8868, 33.6268, 0.0], [-97.62700000000001, 32.1957, -97.6033, 32.2103, 0.0]], "med": [[-98.2582, 32.1688, -98.245, 32.2006, 0.0], [-95.8889, 33.6258, -95.8868, 33.6268, 0.0], [-97.62700000000001, 32.1957, -97.6033, 32.2103, 0.0]], "ninety": [[-97.9063, 33.075, -97.8911, 33.0998, 2.0]], "max": [[-97.2313, 32.719, -97.2298, 32.7199, 1.0], [-95.4404, 33.7133, -95.4304, 33.726, 0.0], [-98.2781, 33.3834, -98.2599, 33.4048, 0.0], [-96.8796, 32.76, -96.6619, 32.8823, 28.0], [-97.6256, 33.7091, -97.6256, 33.7091, 0.0], [-97.9722, 33.8187, -97.9698, 33.8201, 0.0]]}}