{"population": {"min": [], "ten": [], "med": [[-95.431, 37.5027, -95.4207, 37.5068, 48.0]], "ninety": [[-96.1431, 37.1711, -96.1075, 37.1955, 1248.0]], "max": [[-97.3611, 37.6305, -97.1975, 37.7751, 92336.0], [-96.8239, 36.9776, -96.7993, 36.9888, 16.0], [-95.544, 37.376999999999995, -95.5132, 37.4075, 80.0]]}, "hospitals": {"min": [[-95.9426, 37.1057, -95.9218, 37.1175, 0.0], [-96.9971, 38.0075, -96.9615, 38.0316, 0.0]], "ten": [[-95.9426, 37.1057, -95.9218, 37.1175, 0.0], [-96.9971, 38.0075, -96.9615, 38.0316, 0.0]], "med": [[-95.9426, 37.1057, -95.9218, 37.1175, 0.0], [-96.9971, 38.0075, -96.9615, 38.0316, 0.0]], "ninety": [[-95.9426, 37.1057, -95.9218, 37.1175, 0.0], [-96.9971, 38.0075, -96.9615, 38.0316, 0.0]], "max": [[-97.2095, 37.3884, -97.20299999999999, 37.3924, 0.0], [-97.2606, 37.7001, -97.2098, 37.7508, 5.0], [-97.9141, 37.2136, -97.8972, 37.2152, 0.0]]}, "mobilehomes": {"min": [[-95.9426, 37.1057, -95.9218, 37.1175, 0.0], [-96.9971, 38.0075, -96.9615, 38.0316, 0.0]], "ten": [[-95.9426, 37.1057, -95.9218, 37.1175, 0.0], [-96.9971, 38.0075, -96.9615, 38.0316, 0.0]], "med": [[-95.9426, 37.1057, -95.9218, 37.1175, 0.0], [-96.9971, 38.0075, -96.9615, 38.0316, 0.0]], "ninety": [[-95.9426, 37.1057, -95.9218, 37.1175, 0.0], [-96.9971, 38.0075, -96.9615, 38.0316, 0.0]], "max": [[-97.3629, 37.6222, -97.3536, 37.6246, 1750.0], [-96.1025, 37.3824, -96.0908, 37.387, 0.0], [-96.195, 37.0058, -96.1837, 37.01, 0.0], [-96.4279, 37.1017, -96.3832, 37.1328, 0.0]]}, "psubstations": {"min": [[-95.9426, 37.1057, -95.9218, 37.1175, 0.0], [-96.9971, 38.0075, -96.9615, 38.0316, 0.0]], "ten": [[-95.9426, 37.1057, -95.9218, 37.1175, 0.0], [-96.9971, 38.0075, -96.9615, 38.0316, 0.0]], "med": [[-95.9426, 37.1057, -95.9218, 37.1175, 0.0], [-96.9971, 38.0075, -96.9615, 38.0316, 0.0]], "ninety": [[-95.825, 36.9371, -95.7718, 36.9893, 1.0]], "max": [[-95.7793, 36.2294, -95.57, 37.0257, 15.0], [-97.0331, 37.116, -97.0187, 37.1307, 2.0]]}}