{"population": {"min": [], "ten": [], "med": [[-96.3258, 37.6362, -96.2792, 37.652, 96.0]], "ninety": [[-100.3139, 37.29, -100.3038, 37.2943, 1536.0], [-95.5552, 37.5029, -95.5439, 37.5078, 128.0], [-95.2172, 37.23, -95.1222, 37.2943, 240.0], [-99.1012, 37.2116, -99.073, 37.2295, 0.0], [-95.4311, 37.5559, -95.4297, 37.5567, 32.0], [-100.2633, 37.363, -100.2387, 37.3742, 16.0]], "max": [[-97.3611, 37.6305, -97.1975, 37.7751, 92336.0], [-99.1947, 37.2806, -99.182, 37.2877, 16.0], [-95.544, 37.376999999999995, -95.5132, 37.4075, 80.0]]}, "hospitals": {"min": [[-95.9426, 37.1057, -95.9218, 37.1175, 0.0], [-96.9971, 38.0075, -96.9615, 38.0316, 0.0], [-95.7539, 38.2754, -95.7484, 38.2773, 0.0]], "ten": [[-95.9426, 37.1057, -95.9218, 37.1175, 0.0], [-96.9971, 38.0075, -96.9615, 38.0316, 0.0], [-95.7539, 38.2754, -95.7484, 38.2773, 0.0]], "med": [[-95.9426, 37.1057, -95.9218, 37.1175, 0.0], [-96.9971, 38.0075, -96.9615, 38.0316, 0.0], [-95.7539, 38.2754, -95.7484, 38.2773, 0.0]], "ninety": [[-95.9426, 37.1057, -95.9218, 37.1175, 0.0], [-96.9971, 38.0075, -96.9615, 38.0316, 0.0], [-95.7539, 38.2754, -95.7484, 38.2773, 0.0]], "max": [[-97.2095, 37.3884, -97.20299999999999, 37.3924, 0.0], [-97.2606, 37.7001, -97.2098, 37.7508, 5.0], [-97.9141, 37.2136, -97.8972, 37.2152, 0.0]]}, "mobilehomes": {"min": [[-95.9426, 37.1057, -95.9218, 37.1175, 0.0], [-96.9971, 38.0075, -96.9615, 38.0316, 0.0], [-95.7539, 38.2754, -95.7484, 38.2773, 0.0]], "ten": [[-95.9426, 37.1057, -95.9218, 37.1175, 0.0], [-96.9971, 38.0075, -96.9615, 38.0316, 0.0], [-95.7539, 38.2754, -95.7484, 38.2773, 0.0]], "med": [[-95.9426, 37.1057, -95.9218, 37.1175, 0.0], [-96.9971, 38.0075, -96.9615, 38.0316, 0.0], [-95.7539, 38.2754, -95.7484, 38.2773, 0.0]], "ninety": [[-95.9426, 37.1057, -95.9218, 37.1175, 0.0], [-96.9971, 38.0075, -96.9615, 38.0316, 0.0], [-95.7539, 38.2754, -95.7484, 38.2773, 0.0]], "max": [[-97.3629, 37.6222, -97.3536, 37.6246, 1750.0], [-99.1238, 37.1816, -99.0539, 37.2073, 0.0], [-101.6768, 37.6134, -101.6733, 37.6162, 0.0], [-96.1025, 37.3824, -96.0908, 37.387, 0.0], [-96.4279, 37.1017, -96.3832, 37.1328, 0.0]]}, "psubstations": {"min": [[-95.9426, 37.1057, -95.9218, 37.1175, 0.0], [-96.9971, 38.0075, -96.9615, 38.0316, 0.0], [-95.7539, 38.2754, -95.7484, 38.2773, 0.0]], "ten": [[-95.9426, 37.1057, -95.9218, 37.1175, 0.0], [-96.9971, 38.0075, -96.9615, 38.0316, 0.0], [-95.7539, 38.2754, -95.7484, 38.2773, 0.0]], "med": [[-95.9426, 37.1057, -95.9218, 37.1175, 0.0], [-96.9971, 38.0075, -96.9615, 38.0316, 0.0], [-95.7539, 38.2754, -95.7484, 38.2773, 0.0]], "ninety": [[-99.7913, 37.3159, -99.7695, 37.3345, 0.0], [-99.0151, 37.236999999999995, -99.0115, 37.2393, 1.0]], "max": [[-97.14, 37.0293, -97.0603, 37.0522, 4.0], [-95.8504, 37.0641, -95.8044, 37.0881, 0.0], [-100.6425, 37.835, -100.6088, 37.8509, 0.0], [-96.3688, 37.2198, -96.3565, 37.226, 0.0], [-95.3288, 37.7288, -95.3286, 37.7291, 0.0], [-97.9361, 38.0461, -97.9093, 38.0551, 10.0], [-98.5255, 37.6163, -98.5202, 37.6217, 0.0]]}}