{"population": {"min": [], "ten": [[-98.9963, 36.4305, -98.9953, 36.4312, 0.0], [-98.6931, 33.6451, -98.6745, 33.6592, 16.0], [-95.9724, 34.5337, -95.9698, 34.5368, 96.0], [-96.9338, 35.3791, -96.9308, 35.3817, 912.0], [-98.1079, 35.1648, -98.0761, 35.1826, 144.0], [-98.6648, 35.9601, -98.6482, 35.9747, 128.0], [-96.6769, 34.6715, -96.667, 34.6821, 64.0], [-96.8782, 34.7787, -96.8444, 34.7958, 208.0], [-99.3464, 34.1152, -99.3447, 34.1177, 176.0], [-99.7487, 34.2083, -99.5741, 34.2705, 0.0], [-99.3197, 35.4934, -99.3165, 35.4971, 112.0], [-99.43299999999999, 34.0819, -99.4293, 34.0856, 48.0], [-97.7003, 36.5815, -97.6921, 36.5848, 16.0], [-99.0323, 36.1904, -98.9386, 36.2483, 80.0], [-98.14, 36.257, -98.1246, 36.266, 16.0], [-98.9944, 36.5682, -98.9722, 36.5784, 0.0], [-97.6321, 34.8396, -97.6298, 34.8405, 176.0], [-96.6449, 35.1494, -96.6428, 35.1509, 176.0], [-97.8914, 35.7944, -97.8459, 35.8469, 112.0]], "med": [[-96.5525, 35.358000000000004, -96.5321, 35.3619, 512.0], [-97.8521, 35.8936, -97.8104, 35.9424, 1728.0], [-98.5382, 35.334, -98.5099, 35.3434, 512.0], [-97.318, 34.8023, -97.2988, 34.8194, 192.0], [-98.9684, 36.0922, -98.8996, 36.1257, 16.0], [-97.0683, 35.738, -97.0158, 35.7936, 864.0], [-97.1524, 36.3072, -97.1326, 36.3121, 96.0], [-98.8957, 33.8305, -98.8921, 33.8392, 64.0], [-98.0498, 34.3554, -97.8751, 34.4351, 2704.0], [-98.0161, 35.9173, -97.867, 35.9155, 5168.0], [-98.7837, 35.2228, -98.681, 35.2531, 48.0], [-99.2353, 35.0277, -99.228, 35.0324, 416.0], [-97.9597, 34.7684, -97.9182, 34.7958, 880.0]], "ninety": [[-99.3853, 35.3902, -99.3668, 35.4054, 624.0], [-99.4017, 36.2276, -99.3966, 36.233000000000004, 16.0], [-99.9547, 35.2381, -99.8097, 35.2126, 32.0], [-99.6878, 35.3648, -99.6074, 35.3918, 128.0], [-97.46700000000001, 34.6078, -97.4506, 34.626, 176.0], [-99.0966, 36.5106, -99.0811, 36.5329, 80.0], [-99.8953, 34.2978, -99.8911, 34.3049, 16.0], [-97.6727, 35.3291, -97.2378, 35.4007, 57104.0], [-99.1772, 33.5818, -99.1746, 33.5929, 16.0], [-98.94200000000001, 33.6303, -98.8508, 33.7012, 0.0], [-99.6675, 33.7205, -99.6334, 33.7365, 0.0], [-97.9695, 33.9104, -97.9047, 33.9819, 272.0], [-97.2607, 35.792, -97.2606, 35.7922, 256.0], [-98.7077, 35.1984, -98.7042, 35.2011, 16.0], [-99.5308, 34.1595, -99.5283, 34.1634, 0.0], [-98.0946, 35.9819, -98.0743, 35.9924, 16.0], [-96.9647, 34.7772, -96.8678, 34.849000000000004, 1824.0], [-99.5047, 35.0306, -99.4772, 35.0442, 16.0], [-99.7277, 33.3835, -99.5565, 33.4179, 16.0], [-97.9334, 33.8783, -97.8726, 33.8959, 192.0], [-98.2514, 34.7446, -98.2494, 34.7469, 0.0], [-96.8839, 34.3277, -96.8673, 34.3366, 16.0], [-99.5638, 34.3928, -99.5609, 34.3949, 0.0]], "max": [[-97.6188, 35.7944, -97.6124, 35.7991, 144.0], [-97.773, 34.681999999999995, -97.6822, 34.7573, 256.0], [-96.6095, 34.0769, -96.5765, 34.1078, 496.0], [-99.4972, 35.1616, -99.4917, 35.1676, 32.0], [-97.9916, 34.528, -97.9832, 34.5313, 512.0], [-99.8773, 35.629, -99.8741, 35.6308, 0.0], [-98.2885, 35.1446, -98.2662, 35.1857, 688.0], [-99.2869, 35.5878, -99.2704, 35.5929, 16.0], [-98.205, 34.7741, -98.1847, 34.7932, 1632.0], [-97.5514, 34.6121, -97.5347, 34.6215, 64.0], [-98.0577, 35.8888, -98.0437, 35.8974, 64.0], [-96.7133, 34.8942, -96.6887, 34.9165, 624.0], [-99.65100000000001, 33.5418, -99.647, 33.5466, 32.0], [-97.2311, 34.1173, -97.1307, 34.1711, 416.0], [-98.561, 35.0328, -98.4765, 35.1162, 176.0], [-99.0913, 34.6592, -98.7671, 34.841, 608.0], [-98.5845, 34.3333, -98.5766, 34.3378, 16.0], [-98.1857, 35.2453, -98.1783, 35.2474, 80.0], [-99.3575, 36.099000000000004, -99.2209, 36.1832, 832.0], [-98.866, 33.8036, -98.6778, 33.9494, 672.0], [-98.3569, 33.4624, -98.3341, 33.486, 80.0], [-97.27600000000001, 34.1943, -97.1371, 34.3071, 2576.0], [-99.421, 34.5502, -99.3801, 34.5995, 64.0], [-98.4627, 36.2854, -98.3594, 36.3315, 2432.0], [-97.4586, 36.3383, -97.4342, 36.3689, 16.0], [-97.5477, 34.324, -97.4652, 34.3629, 192.0], [-96.3368, 33.9397, -96.3366, 33.9399, 256.0], [-99.9852, 35.7362, -99.9829, 35.7409, 0.0], [-97.6763, 35.5553, -97.4505, 35.6992, 115408.0], [-98.4539, 35.0002, -98.4448, 35.0095, 32.0], [-97.4682, 35.4267, -97.4063, 35.4503, 49856.0], [-97.51899999999999, 35.4737, -97.4465, 35.5726, 108224.0], [-96.738, 35.0611, -96.7207, 35.0758, 192.0], [-99.0381, 36.5484, -98.9684, 36.5919, 0.0], [-98.6286, 36.1974, -98.6244, 36.1986, 48.0], [-99.6924, 34.4078, -99.5784, 34.476, 32.0], [-98.949, 33.9034, -98.9167, 33.9491, 0.0], [-99.6119, 35.3274, -99.5783, 35.3543, 4608.0], [-98.8326, 34.9422, -98.8138, 34.959, 48.0], [-99.0768, 34.714, -99.0456, 34.736999999999995, 48.0], [-97.4085, 35.0344, -97.4082, 35.0345, 288.0], [-99.709, 34.8496, -99.6826, 34.856, 0.0]]}, "hospitals": {"min": [[-98.8396, 34.3477, -98.6637, 34.4463, 0.0], [-99.3948, 36.2492, -99.3741, 36.2655, 0.0], [-99.7084, 35.0004, -99.7069, 35.0012, 0.0], [-99.3436, 33.6947, -99.34299999999999, 33.6959, 0.0], [-98.4509, 33.4417, -98.4462, 33.4422, 0.0], [-99.3501, 33.724000000000004, -99.3447, 33.7387, 0.0], [-97.9813, 34.7189, -97.9022, 34.7651, 0.0], [-99.0385, 35.3912, -98.9957, 35.4281, 0.0], [-100.0338, 34.0944, -99.9412, 34.1766, 0.0], [-96.6148, 35.1822, -96.5916, 35.1877, 0.0], [-98.325, 34.6532, -98.2975, 34.6748, 0.0], [-96.9491, 33.9036, -96.9355, 33.9217, 0.0], [-98.0405, 35.403, -98.0198, 35.405, 0.0], [-98.0152, 35.0523, -97.8413, 35.1277, 0.0]], "ten": [[-98.8396, 34.3477, -98.6637, 34.4463, 0.0], [-99.3948, 36.2492, -99.3741, 36.2655, 0.0], [-99.7084, 35.0004, -99.7069, 35.0012, 0.0], [-99.3436, 33.6947, -99.34299999999999, 33.6959, 0.0], [-98.4509, 33.4417, -98.4462, 33.4422, 0.0], [-99.3501, 33.724000000000004, -99.3447, 33.7387, 0.0], [-97.9813, 34.7189, -97.9022, 34.7651, 0.0], [-99.0385, 35.3912, -98.9957, 35.4281, 0.0], [-100.0338, 34.0944, -99.9412, 34.1766, 0.0], [-96.6148, 35.1822, -96.5916, 35.1877, 0.0], [-98.325, 34.6532, -98.2975, 34.6748, 0.0], [-96.9491, 33.9036, -96.9355, 33.9217, 0.0], [-98.0405, 35.403, -98.0198, 35.405, 0.0], [-98.0152, 35.0523, -97.8413, 35.1277, 0.0]], "med": [[-96.5923, 35.4095, -96.5759, 35.4174, 0.0], [-98.5985, 34.035, -98.5552, 34.056999999999995, 0.0], [-97.0494, 35.6832, -97.0252, 35.6904, 0.0], [-98.3667, 35.5041, -98.3499, 35.5186, 0.0], [-97.6857, 35.929, -97.6791, 35.9353, 0.0], [-98.0798, 34.927, -98.0578, 34.9419, 0.0], [-98.87, 34.5489, -98.8625, 34.5544, 0.0], [-97.6456, 34.3453, -97.6263, 34.3566, 0.0], [-97.2029, 34.7185, -97.1822, 34.7359, 1.0], [-97.3413, 34.4266, -97.3389, 34.4277, 0.0], [-98.3155, 35.2908, -98.3023, 35.3087, 0.0], [-96.6721, 35.9869, -96.6564, 35.9946, 0.0], [-97.7149, 35.0634, -97.7048, 35.0753, 0.0], [-97.0349, 35.5674, -97.0004, 35.5831, 0.0], [-98.3882, 35.3734, -98.3853, 35.3757, 0.0], [-97.9027, 35.1718, -97.8501, 35.1902, 0.0], [-98.2866, 34.1634, -98.2759, 34.1714, 0.0], [-97.8221, 34.6657, -97.7777, 34.6892, 0.0], [-98.1415, 36.2666, -98.0758, 36.3258, 0.0], [-99.0347, 33.8756, -99.0178, 33.9051, 0.0], [-97.5314, 34.9897, -97.5301, 34.9902, 0.0], [-99.141, 33.9947, -99.1198, 34.0015, 0.0], [-96.90700000000001, 35.9369, -96.6095, 35.9743, 0.0], [-99.2535, 35.9517, -99.1448, 35.9794, 0.0], [-96.6814, 35.0423, -96.681, 35.0427, 0.0], [-99.1525, 35.5404, -99.1047, 35.5761, 0.0]], "ninety": [[-97.0429, 35.3792, -96.9632, 35.4707, 0.0], [-97.7245, 36.1175, -97.6642, 36.1702, 0.0], [-96.9693, 35.5769, -96.9347, 35.5911, 0.0], [-98.9997, 35.498000000000005, -98.9984, 35.4987, 1.0], [-99.9315, 35.787, -99.9171, 35.7859, 0.0], [-97.0176, 35.4748, -97.0002, 35.4861, 0.0], [-97.1237, 34.6693, -97.0495, 34.7047, 0.0], [-98.9434, 34.8235, -98.9308, 34.8318, 0.0], [-96.74700000000001, 34.1975, -96.7115, 34.2097, 0.0], [-99.2247, 35.629, -99.1856, 35.6429, 0.0], [-97.9596, 34.0643, -97.95299999999999, 34.07, 0.0], [-97.6807, 35.4745, -97.5954, 35.5733, 2.0], [-99.4411, 35.7036, -99.3636, 35.753, 0.0], [-99.992, 33.1886, -99.5963, 33.5151, 0.0], [-99.9912, 35.29, -99.9485, 35.324, 0.0], [-98.8689, 36.7221, -98.8186, 36.7674, 0.0]],