{"population": {"min": [], "ten": [[-95.87799999999999, 36.6351, -95.8622, 36.6494, 320.0], [-95.4704, 35.7164, -95.465, 35.7168, 80.0]], "med": [[-96.3273, 35.4181, -96.29700000000001, 35.4449, 272.0], [-95.7611, 35.1066, -95.7443, 35.1199, 128.0], [-96.5686, 36.3308, -96.2805, 36.4462, 1056.0], [-94.3501, 36.2632, -94.3492, 36.2672, 368.0], [-95.9651, 35.2702, -95.8891, 35.3263, 80.0], [-95.5162, 36.2088, -95.4431, 36.2406, 1648.0]], "ninety": [[-96.3778, 35.2683, -96.3705, 35.2735, 128.0], [-96.2607, 36.0662, -96.1037, 36.1564, 10304.0], [-96.214, 35.8963, -96.1935, 35.9311, 352.0], [-96.4672, 35.5392, -96.46, 35.5425, 112.0], [-95.1817, 35.782, -95.1247, 35.8231, 1552.0], [-96.1166, 36.1205, -96.0808, 36.1625, 10208.0]], "max": [[-95.9494, 36.1239, -95.869, 36.255, 66768.0], [-95.7077, 35.2781, -95.6754, 35.2751, 96.0], [-96.1499, 35.9973, -95.8303, 36.155, 101632.0], [-94.9778, 34.8563, -94.9193, 34.9349, 336.0], [-94.2516, 36.3461, -94.2362, 36.3572, 1200.0]]}, "hospitals": {"min": [[-96.2393, 36.0941, -96.2209, 36.1118, 0.0], [-96.6721, 35.9869, -96.6564, 35.9946, 0.0], [-94.9839, 35.7952, -94.9655, 35.8008, 0.0], [-96.90700000000001, 35.9369, -96.6095, 35.9743, 0.0], [-95.4241, 34.0134, -95.4172, 34.0281, 0.0]], "ten": [[-96.2393, 36.0941, -96.2209, 36.1118, 0.0], [-96.6721, 35.9869, -96.6564, 35.9946, 0.0], [-94.9839, 35.7952, -94.9655, 35.8008, 0.0], [-96.90700000000001, 35.9369, -96.6095, 35.9743, 0.0], [-95.4241, 34.0134, -95.4172, 34.0281, 0.0]], "med": [[-96.2393, 36.0941, -96.2209, 36.1118, 0.0], [-96.6721, 35.9869, -96.6564, 35.9946, 0.0], [-94.9839, 35.7952, -94.9655, 35.8008, 0.0], [-96.90700000000001, 35.9369, -96.6095, 35.9743, 0.0], [-95.4241, 34.0134, -95.4172, 34.0281, 0.0]], "ninety": [[-95.7927, 36.2364, -95.6596, 36.4223, 0.0], [-95.3823, 36.2752, -95.1287, 36.3957, 1.0], [-95.825, 36.9371, -95.7718, 36.9893, 0.0], [-96.1118, 36.2079, -96.0732, 36.2363, 0.0], [-94.7973, 35.3248, -94.7895, 35.3275, 0.0]], "max": [[-96.1113, 35.5229, -96.0417, 35.639, 0.0], [-96.3161, 35.836999999999996, -96.3159, 35.8372, 0.0], [-96.1026, 36.0031, -95.7763, 36.106, 11.0], [-95.8066, 35.3643, -95.7629, 35.3937, 0.0], [-95.8304, 36.5154, -95.7905, 36.5498, 0.0]]}, "mobilehomes": {"min": [[-95.2915, 36.6498, -95.2466, 36.6867, 0.0], [-95.5722, 34.1839, -95.5015, 34.1858, 0.0]], "ten": [[-95.2915, 36.6498, -95.2466, 36.6867, 0.0], [-95.5722, 34.1839, -95.5015, 34.1858, 0.0]], "med": [[-95.2915, 36.6498, -95.2466, 36.6867, 0.0], [-95.5722, 34.1839, -95.5015, 34.1858, 0.0]], "ninety": [[-94.8892, 35.4329, -94.8768, 35.4431, 0.0], [-95.4004, 34.2298, -95.3806, 34.2389, 0.0], [-94.9701, 34.8109, -94.9404, 34.856, 0.0], [-94.7988, 36.5794, -94.7901, 36.5866, 175.0], [-94.6481, 35.939, -94.6018, 35.9602, 0.0], [-95.4397, 34.7439, -95.4097, 34.7555, 0.0], [-93.5783, 35.9965, -93.5721, 36.0106, 0.0], [-94.9177, 35.3065, -94.9146, 35.31, 0.0], [-95.31200000000001, 34.2058, -95.1624, 34.5235, 0.0], [-93.6154, 36.0562, -93.5651, 36.0863, 0.0], [-96.0546, 34.9036, -96.0338, 34.92, 0.0]], "max": [[-97.1712, 36.0263, -96.8756, 36.203, 500.0], [-96.3903, 36.2063, -96.26700000000001, 36.306999999999995, 0.0], [-94.8548, 36.407, -94.8087, 36.4216, 25.0], [-96.0558, 35.0273, -96.0556, 35.0274, 0.0], [-95.9028, 36.1301, -95.8314, 36.1519, 650.0], [-96.2389, 36.6253, -96.2109, 36.6513, 0.0], [-95.1432, 36.7062, -95.0953, 36.7291, 0.0], [-96.5535, 35.5009, -96.5244, 35.5216, 0.0]]}, "psubstations": {"min": [[-95.2915, 36.6498, -95.2466, 36.6867, 0.0], [-95.5722, 34.1839, -95.5015, 34.1858, 0.0]], "ten": [[-95.2915, 36.6498, -95.2466, 36.6867, 0.0], [-95.5722, 34.1839, -95.5015, 34.1858, 0.0]], "med": [[-95.5782, 35.0021, -95.4749, 35.0336, 0.0], [-94.8405, 36.8148, -94.7814, 36.8517, 2.0], [-96.5566, 35.7214, -96.5409, 35.7262, 0.0], [-93.6507, 35.8486, -93.6506, 35.8487, 0.0], [-94.9681, 36.1505, -94.9671, 36.1511, 0.0]], "ninety": [[-96.1789, 35.7278, -95.9927, 35.8935, 1.0], [-94.3016, 35.1581, -94.2629, 35.2038, 0.0], [-95.2461, 35.7861, -95.2401, 35.7923, 1.0], [-93.8649, 35.3311, -93.8286, 35.3496, 1.0], [-95.118, 35.8126, -95.0213, 35.8502, 0.0], [-95.9887, 34.7787, -95.9504, 34.82, 0.0], [-96.4721, 35.9607, -96.4177, 35.9781, 0.0], [-96.0611, 35.7732, -96.0458, 35.7806, 1.0], [-95.7495, 34.9104, -95.6282, 34.9463, 5.0]], "max": [[-95.06299999999999, 36.8151, -95.0584, 36.8181, 0.0], [-94.9791, 36.3442, -94.9354, 36.3691, 0.0], [-93.3475, 36.1681, -93.3108, 36.213, 0.0], [-96.5374, 36.0303, -96.5167, 36.0549, 0.0], [-93.6448, 36.1084, -93.6348, 36.1112, 0.0], [-94.9764, 36.8841, -94.9764, 36.8905, 0.0], [-94.6847, 34.8827, -94.6709, 34.8927, 0.0], [-95.9927, 36.5676, -95.9867, 36.5762, 0.0], [-96.4326, 36.7962, -96.4258, 36.7989, 0.0], [-96.866, 36.5863, -96.8496, 36.6061, 0.0], [-93.7713, 36.0899, -93.77, 36.0908, 0.0], [-96.01, 35.9992, -95.8791, 36.0454, 16.0], [-95.6066, 35.8182, -95.5578, 35.8502, 0.0], [-96.0008, 35.2712, -95.9779, 35.2867, 0.0], [-95.9173, 35.9764, -95.9005, 35.9863, 9.0], [-95.9773, 36.1623, -95.9482, 36.1925, 15.0], [-95.473, 34.6685, -95.4616, 34.6799, 0.0], [-95.6421, 35.3565, -95.5961, 35.3832, 2.0], [-96.2987, 35.9846, -96.2957, 35.9875, 0.0], [-95.5344, 36.0594, -95.4999, 36.12, 0.0], [-96.7918, 36.3598, -96.7249, 36.3943, 2.0]]}}