{"national": [{"national": "national", "population": [[0, 0, 0, 0, 0], [156.8382193268187, 2750.8516829533114, 10700.273615635178, 43453.71031487515, 343211.44842562434]], "hospitals": [[0, 0, 0, 0, 0], [0.0, 0.010857763300760043, 0.16069489685124863, 1.298588490770901, 13.15743756786102]], "mobilehomes": [[0, 0, 0, 0, 0], [0.0, 8.203040173724213, 56.90608034744842, 338.81357220412605, 3084.109663409338]], "psubstations": [[0, 0, 0, 0, 0], [0.010857763300760043, 0.6123778501628665, 2.6009771986970684, 8.980781758957658, 56.96959826275787]], "tors": [[0, 0, 0, 0, 0], []]}], "sims": [], "states": [], "cwas": [], "natClimo": {"pop": {"min": 156.8382193268187, "ten": 2750.8516829533114, "med": 10700.273615635178, "ninety": 43453.71031487515, "max": 343211.44842562434}, "pow": {"min": 0.010857763300760043, "ten": 0.6123778501628665, "med": 2.6009771986970684, "ninety": 8.980781758957658, "max": 56.96959826275787}, "mob": {"min": 0.0, "ten": 8.203040173724213, "med": 56.90608034744842, "ninety": 338.81357220412605, "max": 3084.109663409338}, "hosp": {"min": 0.0, "ten": 0.010857763300760043, "med": 0.16069489685124863, "ninety": 1.298588490770901, "max": 13.15743756786102}}}