{"national": [{"national": "national", "population": [[0, 0, 0, 0, 0], [148.28921023359288, 2651.433147942158, 10478.656284760846, 43718.312791991106, 345505.19243604003]], "hospitals": [[0, 0, 0, 0, 0], [0.0, 0.011123470522803115, 0.1568409343715239, 1.2880978865406008, 13.204671857619577]], "mobilehomes": [[0, 0, 0, 0, 0], [0.0, 7.764182424916574, 56.57563959955506, 343.88576195773084, 3122.3381535038934]], "psubstations": [[0, 0, 0, 0, 0], [0.011123470522803115, 0.5917686318131257, 2.524471635150167, 8.857842046718579, 56.50166852057842]], "tors": [[0, 0, 0, 0, 0], []]}], "sims": [], "states": [], "cwas": [], "natClimo": {"pop": {"min": 148.28921023359288, "ten": 2651.433147942158, "med": 10478.656284760846, "ninety": 43718.312791991106, "max": 345505.19243604003}, "pow": {"min": 0.011123470522803115, "ten": 0.5917686318131257, "med": 2.524471635150167, "ninety": 8.857842046718579, "max": 56.50166852057842}, "mob": {"min": 0.0, "ten": 7.764182424916574, "med": 56.57563959955506, "ninety": 343.88576195773084, "max": 3122.3381535038934}, "hosp": {"min": 0.0, "ten": 0.011123470522803115, "med": 0.1568409343715239, "ninety": 1.2880978865406008, "max": 13.204671857619577}}}