{"FWD": {"hail": {"forecast": 8.0, "climo": 8.140350877192983}, "wind": {"forecast": 5.0, "climo": 5.644736842105263}}, "OUN": {"hail": {"forecast": 15.0, "climo": 6.6461538461538465}, "wind": {"forecast": 6.0, "climo": 3.552941176470588}}, "SJT": {"hail": {"forecast": 2.0, "climo": 4.973684210526316}, "wind": {"forecast": 3.0, "climo": 2.5428571428571427}}, "EWX": {"hail": {"forecast": 1.0, "climo": 4.430232558139535}, "wind": {"forecast": 2.0, "climo": 3.4615384615384617}}, "HGX": {"hail": {"forecast": 1.0, "climo": 3.341463414634146}, "wind": {"forecast": 0.0, "climo": 4.173076923076923}}, "SHV": {"hail": {"forecast": 2.0, "climo": 5.483870967741935}, "wind": {"forecast": 6.0, "climo": 8.336538461538462}}, "TSA": {"hail": {"forecast": 3.0, "climo": 6.705882352941177}, "wind": {"forecast": 4.0, "climo": 5.428571428571429}}}