{"FWD": {"hail": {"forecast": 0.0, "climo": 8.277310924369749}, "wind": {"forecast": 6.0, "climo": 5.705128205128205}}, "OUN": {"hail": {"forecast": 0.0, "climo": 6.742647058823529}, "wind": {"forecast": 2.0, "climo": 3.7472527472527473}}, "SJT": {"hail": {"forecast": 3.0, "climo": 4.853658536585366}, "wind": {"forecast": 1.0, "climo": 2.5641025641025643}}, "EWX": {"hail": {"forecast": 2.0, "climo": 4.48314606741573}, "wind": {"forecast": 1.0, "climo": 3.5121951219512195}}, "HGX": {"hail": {"forecast": 0.0, "climo": 3.4}, "wind": {"forecast": 0.0, "climo": 4.056603773584905}}, "SHV": {"hail": {"forecast": 0.0, "climo": 5.489583333333333}, "wind": {"forecast": 0.0, "climo": 8.333333333333334}}, "TSA": {"hail": {"forecast": 0.0, "climo": 6.574712643678161}, "wind": {"forecast": 1.0, "climo": 5.513513513513513}}}