{"FWD": {"hail": {"forecast": 0.0, "climo": 7.510489510489511}, "wind": {"forecast": 1.0, "climo": 5.388349514563107}}, "OUN": {"hail": {"forecast": 0.0, "climo": 6.855491329479769}, "wind": {"forecast": 1.0, "climo": 4.2844827586206895}}, "SJT": {"hail": {"forecast": 0.0, "climo": 5.045045045045045}, "wind": {"forecast": 0.0, "climo": 2.838709677419355}}, "EWX": {"hail": {"forecast": 0.0, "climo": 4.592920353982301}, "wind": {"forecast": 0.0, "climo": 3.420289855072464}}, "HGX": {"hail": {"forecast": 0.0, "climo": 3.4285714285714284}, "wind": {"forecast": 1.0, "climo": 3.984126984126984}}, "SHV": {"hail": {"forecast": 1.0, "climo": 5.277777777777778}, "wind": {"forecast": 0.0, "climo": 8.295081967213115}}, "TSA": {"hail": {"forecast": 0.0, "climo": 6.174757281553398}, "wind": {"forecast": 0.0, "climo": 6.208791208791209}}}