{"FWD": {"hail": {"forecast": 17.0, "climo": 7.032085561497326}, "wind": {"forecast": 19.0, "climo": 4.737179487179487}}, "OUN": {"hail": {"forecast": 42.0, "climo": 7.2322097378277155}, "wind": {"forecast": 5.0, "climo": 5.114285714285714}}, "SJT": {"hail": {"forecast": 1.0, "climo": 4.627329192546584}, "wind": {"forecast": 3.0, "climo": 3.425}}, "EWX": {"hail": {"forecast": 5.0, "climo": 4.344594594594595}, "wind": {"forecast": 1.0, "climo": 3.2982456140350878}}, "HGX": {"hail": {"forecast": 3.0, "climo": 3.1940298507462686}, "wind": {"forecast": 13.0, "climo": 3.9263157894736844}}, "SHV": {"hail": {"forecast": 19.0, "climo": 4.644628099173554}, "wind": {"forecast": 47.0, "climo": 7.609756097560975}}, "TSA": {"hail": {"forecast": 14.0, "climo": 5.374100719424461}, "wind": {"forecast": 20.0, "climo": 6.601398601398602}}}